{"name":"White Bricks Walls","created":"2016-10-27T10:12:59.504Z","settings":{"physics":{"gravity":[0,-9.8,0]},"render":{"fog_end":1000,"tonemapping":0,"skybox":18676589,"fog_density":0.01,"gamma_correction":1,"exposure":1,"fog_start":1,"global_ambient":[0.2,0.2,0.2],"skyboxIntensity":1.003,"fog_color":[0,0,0],"lightmapMode":1,"fog":"none","lightmapMaxResolution":2048,"skyboxMip":1,"lightmapSizeMultiplier":16}},"entities":{"f0063e14-9c2d-11e6-a9cd-22000ac481df":{"position":[0,0.780945540679141,-3.3637266159057617],"scale":[8.03808660956771,1.6734973561525222,0.09484026938773749],"name":"Box","parent":"f0003adc-9c2d-11e6-a9cd-22000ac481df","resource_id":"f0063e14-9c2d-11e6-a9cd-22000ac481df","components":{"model":{"lightMapSizeMultiplier":1,"castShadows":true,"castShadowsLightmap":true,"lightmapped":false,"materialAsset":18676603,"receiveShadows":true,"enabled":true,"castShadowsLightMap":false,"asset":null,"lightmapSizeMultiplier":1,"type":"box","lightMapped":false,"isStatic":false,"batchGroupId":null,"layers":[0]},"collision":{"enabled":true,"type":"box","halfExtents":[4,1,0.2],"radius":0.5,"axis":1,"height":2,"asset":null},"rigidbody":{"enabled":true,"type":"static","mass":1,"linearDamping":0,"angularDamping":0,"linearFactor":[1,1,1],"angularFactor":[1,1,1],"friction":0.5,"restitution":0.5}},"rotation":[0,0,0],"enabled":true,"children":[],"tags":[]},"f0003adc-9c2d-11e6-a9cd-22000ac481df":{"position":[0,0,0],"scale":[1,1,1],"name":"Root","parent":null,"resource_id":"f0003adc-9c2d-11e6-a9cd-22000ac481df","components":{"script":{"enabled":true,"order":["multitouchInput"],"scripts":{"multitouchInput":{"enabled":true,"attributes":{"cameraEntity":"0e27d5d0-7ee8-4719-aaf9-7340939df163","lineColor":[1,1,1,1]}}}}},"rotation":[0,0,0],"enabled":true,"children":["c396552f-d2c2-4624-8b1a-f096a876ae9a","f0063e14-9c2d-11e6-a9cd-22000ac481df","84cc71f9-73a5-4a0b-8557-c2acb47859ce","ced62674-ba1b-4609-8ed8-946f0de40402","c4880c68-2817-4558-98da-f9bbd9ff6b52","606c8a03-6efa-455c-aabd-e1db4a8343a9","0ffe815a-7f31-4f9e-bf4b-b7447bd50ee8","18cd9e46-e052-4ba0-8e92-c47982d56c47","d0ab9493-d162-45d2-a879-dd407182f941","33c559bd-9c25-4c13-88a5-2d109807ab9c","30fe0e68-44fa-46cb-8a24-d641a334e1dd","e1209c15-1fb5-499c-93ff-e2bfb835b3d9","62eee47b-d781-4b68-909f-ad4bb7fe9286","e3c059b3-a752-4307-811c-3b3f58b42a59","ceced8d5-b965-4799-824b-9d2d7888ff04","eecc458e-7254-4ef0-9fd4-eab6888085db","f6c54974-4725-49ea-997d-ba486a601c5e","f0065070-9c2d-11e6-a9cd-22000ac481df","49c21096-3da8-4aff-92da-b1107317ed08","8aa771ff-2409-4b3a-856b-8fa51f2923e4","bfbebae4-bfae-4e01-b644-92c90fc99537","e333dfcc-d7fe-474d-9227-b30cee72a751","def9175c-1a5e-4b8a-9b2e-e3cdc97ff1cb","267df3b9-7dd4-4e88-b2d2-6bfc640d6c04","c6f67c3d-5dd2-4783-9fd9-19f93a1c74dc","ba1d73f0-68ae-48e3-858b-558ad23f207c","f0b4304e-2a67-4d91-b920-7627ab67846f","74768ef6-b379-4911-bedf-9d3a11dce6b5","7f41b0bb-c50f-4ae2-92bf-5c98f783d7e8","b1783daf-f9fd-459e-ba4f-05f2acbbbc36","c23d26bb-ceb3-4b2f-9b3c-0722fb7d9f43","17da3595-01d3-40ac-bb8e-71482e6d208b","e2fe5703-23f0-434c-a2a5-c225da16ab73","ca8b6408-3a7e-4b98-b568-33f334b7c1b0","d5ed73e0-d001-4f2e-a11a-75a670e0f5cc","2a8b3dae-4c39-415e-8cc9-d6f72ee0b0a6","c244d259-92a5-4256-b7d5-e4bd2a15f315","3ff1428d-5877-4647-abb4-01329de73327"],"tags":[]},"f0065070-9c2d-11e6-a9cd-22000ac481df":{"position":[0.061349148692734445,-0.053191475570201874,0],"scale":[8,1,8],"name":"Plane","parent":"f0003adc-9c2d-11e6-a9cd-22000ac481df","resource_id":"f0065070-9c2d-11e6-a9cd-22000ac481df","components":{"model":{"lightMapSizeMultiplier":1,"castShadows":true,"castShadowsLightmap":true,"lightmapped":false,"materialAsset":18676715,"receiveShadows":true,"enabled":true,"castShadowsLightMap":false,"asset":null,"lightmapSizeMultiplier":1,"type":"plane","lightMapped":false,"isStatic":false,"batchGroupId":null,"layers":[0]},"rigidbody":{"enabled":true,"type":"static","mass":1,"linearDamping":0,"angularDamping":0,"linearFactor":[1,1,1],"angularFactor":[1,1,1],"friction":0.5841,"restitution":0.5},"collision":{"enabled":true,"type":"box","halfExtents":[4,0.15,4],"radius":0.5,"axis":1,"height":2,"asset":null}},"rotation":[0,0,0],"enabled":true,"children":[],"tags":[]},"ced62674-ba1b-4609-8ed8-946f0de40402":{"position":[4.028692722320557,0.7809455394744873,0.2640590815012894],"scale":[7.219646195375659,1.6734973561525222,0.09484026938773749],"name":"Box","parent":"f0003adc-9c2d-11e6-a9cd-22000ac481df","resource_id":"ced62674-ba1b-4609-8ed8-946f0de40402","components":{"model":{"lightMapSizeMultiplier":1,"castShadows":true,"castShadowsLightmap":true,"lightmapped":false,"materialAsset":18676603,"receiveShadows":true,"enabled":true,"castShadowsLightMap":false,"asset":null,"lightmapSizeMultiplier":1,"type":"box","lightMapped":false,"isStatic":false,"batchGroupId":null,"layers":[0]},"rigidbody":{"enabled":true,"type":"static","mass":1,"linearDamping":0,"angularDamping":0,"linearFactor":[1,1,1],"angularFactor":[1,1,1],"friction":0.5,"restitution":0.5},"collision":{"enabled":true,"type":"box","halfExtents":[4,1,0.2],"radius":0.5,"axis":1,"height":2,"asset":null}},"rotation":[0,90,0],"enabled":true,"children":[],"tags":[]},"c4880c68-2817-4558-98da-f9bbd9ff6b52":{"position":[-3.9325547218322754,0.7809455394744873,0.20406213168055332],"scale":[7.219646195375659,1.6734973561525222,0.09484026938773749],"name":"Box","parent":"f0003adc-9c2d-11e6-a9cd-22000ac481df","resource_id":"c4880c68-2817-4558-98da-f9bbd9ff6b52","components":{"model":{"lightMapSizeMultiplier":1,"castShadows":true,"castShadowsLightmap":true,"lightmapped":false,"materialAsset":18676603,"receiveShadows":true,"enabled":true,"castShadowsLightMap":false,"asset":null,"lightmapSizeMultiplier":1,"type":"box","lightMapped":false,"isStatic":false,"batchGroupId":null,"layers":[0]},"collision":{"enabled":true,"type":"box","halfExtents":[4,1,0.2],"radius":0.5,"axis":1,"height":2,"asset":null},"rigidbody":{"enabled":true,"type":"static","mass":1,"linearDamping":0,"angularDamping":0,"linearFactor":[1,1,1],"angularFactor":[1,1,1],"friction":0.5,"restitution":0.5}},"rotation":[0,90,0],"enabled":true,"children":[],"tags":[]},"c6f67c3d-5dd2-4783-9fd9-19f93a1c74dc":{"name":"pic3","tags":[],"enabled":true,"resource_id":"c6f67c3d-5dd2-4783-9fd9-19f93a1c74dc","parent":"f0003adc-9c2d-11e6-a9cd-22000ac481df","children":[],"position":[1.2219994068145752,0.8188499212265015,-3.511139392852783],"rotation":[0,0,0],"scale":[0.7196759667148304,1.0706103048341786,0.49001405048536384],"components":{"model":{"enabled":true,"type":"box","asset":null,"materialAsset":null,"castShadows":true,"castShadowsLightmap":true,"receiveShadows":true,"lightmapped":false,"lightmapSizeMultiplier":1,"castShadowsLightMap":true,"lightMapped":false,"lightMapSizeMultiplier":1,"isStatic":false,"layers":[0],"batchGroupId":null},"script":{"enabled":true,"order":["loadExternalImage"],"scripts":{"loadExternalImage":{"enabled":true,"attributes":{"imageUrl":"http://chrisgodber.co.uk/projects/ArtViewer3D-weB/images/test3.jpg"}}}}}},"8aa771ff-2409-4b3a-856b-8fa51f2923e4":{"name":"Plane","tags":[],"enabled":true,"resource_id":"8aa771ff-2409-4b3a-856b-8fa51f2923e4","parent":"f0003adc-9c2d-11e6-a9cd-22000ac481df","children":[],"position":[3.944744110107422,2.455995996945762,0.299772709608078],"rotation":[91.6800013971557,-89.15436924537944,0.0000034071815562055522],"scale":[1.928762584462162,1.928762584462162,0.4932860781824371],"components":{"model":{"enabled":true,"type":"plane","asset":null,"materialAsset":18676586,"castShadows":false,"castShadowsLightmap":true,"receiveShadows":true,"lightmapped":false,"lightmapSizeMultiplier":1,"castShadowsLightMap":true,"lightMapped":false,"lightMapSizeMultiplier":1,"isStatic":false,"layers":[0],"batchGroupId":null}}},"ba1d73f0-68ae-48e3-858b-558ad23f207c":{"name":"pic4","tags":[],"enabled":true,"resource_id":"ba1d73f0-68ae-48e3-858b-558ad23f207c","parent":"f0003adc-9c2d-11e6-a9cd-22000ac481df","children":[],"position":[2.6771037578582764,0.8188499212265015,-3.511139392852783],"rotation":[0,0,0],"scale":[0.7196759667148304,1.0706103048341786,0.49001405048536384],"components":{"model":{"enabled":true,"type":"box","asset":null,"materialAsset":null,"castShadows":true,"castShadowsLightmap":true,"receiveShadows":true,"lightmapped":false,"lightmapSizeMultiplier":1,"castShadowsLightMap":true,"lightMapped":false,"lightMapSizeMultiplier":1,"isStatic":false,"layers":[0],"batchGroupId":null},"script":{"enabled":true,"order":["loadExternalImage"],"scripts":{"loadExternalImage":{"enabled":true,"attributes":{"imageUrl":"http://chrisgodber.co.uk/projects/ArtViewer3D-weB/images/test4.jpg"}}}}}},"84cc71f9-73a5-4a0b-8557-c2acb47859ce":{"position":[0,0.7809455394744873,3.839765019413888],"scale":[8.03808660956771,1.6734973561525222,0.09484026938773749],"name":"Box","parent":"f0003adc-9c2d-11e6-a9cd-22000ac481df","resource_id":"84cc71f9-73a5-4a0b-8557-c2acb47859ce","components":{"model":{"lightMapSizeMultiplier":1,"castShadows":true,"castShadowsLightmap":true,"lightmapped":false,"materialAsset":18676603,"receiveShadows":true,"enabled":true,"castShadowsLightMap":false,"asset":null,"lightmapSizeMultiplier":1,"type":"box","lightMapped":false,"isStatic":false,"batchGroupId":null,"layers":[0]},"collision":{"enabled":true,"type":"box","halfExtents":[4,1,0.2],"radius":0.5,"axis":1,"height":2,"asset":null},"rigidbody":{"enabled":true,"type":"static","mass":1,"linearDamping":0,"angularDamping":0,"linearFactor":[1,1,1],"angularFactor":[1,1,1],"friction":0.5,"restitution":0.5}},"rotation":[0,0,0],"enabled":true,"children":[],"tags":[]},"c396552f-d2c2-4624-8b1a-f096a876ae9a":{"position":[0.0857032835483551,2.251641714086227,-0.001822031568735838],"scale":[1,1,1],"name":"Light","parent":"f0003adc-9c2d-11e6-a9cd-22000ac481df","resource_id":"c396552f-d2c2-4624-8b1a-f096a876ae9a","components":{"light":{"castShadows":true,"shadowDistance":16,"vsmBlurSize":11,"shadowUpdateMode":2,"normalOffsetBias":0.04,"color":[1,1,1],"falloffMode":0,"shadowResolution":1024,"outerConeAngle":45,"enabled":true,"range":10,"affectDynamic":true,"intensity":1.33,"affectLightmapped":false,"vsmBlurMode":1,"innerConeAngle":40,"shadowBias":0.04,"bake":true,"type":"point","shadowType":0,"vsmBias":0.01,"isStatic":false,"bakeDir":true,"cookieAsset":null,"cookieIntensity":1,"cookieFalloff":true,"cookieChannel":"rgb","cookieAngle":0,"cookieScale":[1,1],"cookieOffset":[0,0],"layers":[0]}},"rotation":[3.4407908726764806,16.19812557603703,-13.891474045073853],"enabled":true,"children":[],"tags":[]},"def9175c-1a5e-4b8a-9b2e-e3cdc97ff1cb":{"name":"pic1","tags":[],"enabled":true,"resource_id":"def9175c-1a5e-4b8a-9b2e-e3cdc97ff1cb","parent":"f0003adc-9c2d-11e6-a9cd-22000ac481df","children":[],"position":[-1.6141208410263062,0.8188499212265015,-3.511139392852783],"rotation":[0,0,0],"scale":[0.7196759667148304,1.0706103048341786,0.49001405048536384],"components":{"model":{"enabled":true,"type":"box","asset":null,"materialAsset":null,"castShadows":true,"castShadowsLightmap":true,"receiveShadows":true,"lightmapped":false,"lightmapSizeMultiplier":1,"castShadowsLightMap":true,"lightMapped":false,"lightMapSizeMultiplier":1,"isStatic":false,"layers":[0],"batchGroupId":null},"script":{"enabled":true,"order":["loadExternalImage"],"scripts":{"loadExternalImage":{"enabled":true,"attributes":{"imageUrl":"http://chrisgodber.co.uk/projects/ArtViewer3D-weB/images/test.jpg"}}}}}},"e333dfcc-d7fe-474d-9227-b30cee72a751":{"name":"firstPersonMovement","tags":[],"enabled":true,"resource_id":"e333dfcc-d7fe-474d-9227-b30cee72a751","parent":"f0003adc-9c2d-11e6-a9cd-22000ac481df","children":["0e27d5d0-7ee8-4719-aaf9-7340939df163"],"position":[-0.18533392527798442,0.5636988878250122,0.26404979825019836],"rotation":[180,-88.44906667423668,180],"scale":[1,1,1],"components":{"script":{"enabled":true,"order":["firstPersonMovement"],"scripts":{"firstPersonMovement":{"enabled":true,"attributes":{"First Person Camera":null,"power":12,"lookSpeed":0.2}}}},"collision":{"enabled":true,"type":"box","halfExtents":[0.2,0.3,0.2],"radius":0.3,"axis":1,"height":1.5,"asset":null},"rigidbody":{"enabled":true,"type":"dynamic","mass":1.2,"linearDamping":0,"angularDamping":0,"linearFactor":[1,1,1],"angularFactor":[1,1,1],"friction":0.5,"restitution":0.5}}},"0e27d5d0-7ee8-4719-aaf9-7340939df163":{"name":"Camera","tags":[],"enabled":true,"resource_id":"0e27d5d0-7ee8-4719-aaf9-7340939df163","parent":"e333dfcc-d7fe-474d-9227-b30cee72a751","children":[],"position":[-0.7531117051839828,0.43557332901850065,0.14230972528457642],"rotation":[180,-89.17187444144136,180],"scale":[1,1,1],"components":{"camera":{"enabled":true,"clearColorBuffer":true,"clearColor":[0.118,0.118,0.118,1],"clearDepthBuffer":true,"projection":0,"fov":45,"frustumCulling":true,"orthoHeight":4,"nearClip":0.1,"farClip":1000,"priority":0,"rect":[0,0,1,1],"layers":[0,1,2,3,4]}}},"267df3b9-7dd4-4e88-b2d2-6bfc640d6c04":{"name":"pic2","tags":[],"enabled":true,"resource_id":"267df3b9-7dd4-4e88-b2d2-6bfc640d6c04","parent":"f0003adc-9c2d-11e6-a9cd-22000ac481df","children":[],"position":[-0.18017208576202393,0.8188499212265015,-3.511139154434204],"rotation":[0,0,0],"scale":[0.7196759667148304,1.0706103048341786,0.49001405048536384],"components":{"model":{"enabled":true,"type":"box","asset":null,"materialAsset":null,"castShadows":true,"castShadowsLightmap":true,"receiveShadows":true,"lightmapped":false,"lightmapSizeMultiplier":1,"castShadowsLightMap":true,"lightMapped":false,"lightMapSizeMultiplier":1,"isStatic":false,"layers":[0],"batchGroupId":null},"script":{"enabled":true,"order":["loadExternalImage"],"scripts":{"loadExternalImage":{"enabled":true,"attributes":{"imageUrl":"http://chrisgodber.co.uk/projects/ArtViewer3D-weB/images/test2.jpg"}}}}}},"f0b4304e-2a67-4d91-b920-7627ab67846f":{"name":"pic5","tags":[],"enabled":true,"resource_id":"f0b4304e-2a67-4d91-b920-7627ab67846f","parent":"f0003adc-9c2d-11e6-a9cd-22000ac481df","children":[],"position":[4.196796417236328,0.8188499212265015,-2.1021976470947266],"rotation":[1.997505828317798e-30,90,0],"scale":[1.651322431698812,0.9675550411646867,0.49001405048536384],"components":{"model":{"enabled":true,"type":"box","asset":null,"materialAsset":null,"castShadows":true,"castShadowsLightmap":true,"receiveShadows":true,"lightmapped":false,"lightmapSizeMultiplier":1,"castShadowsLightMap":true,"lightMapped":false,"lightMapSizeMultiplier":1,"isStatic":false,"layers":[0],"batchGroupId":null},"script":{"enabled":true,"order":["loadExternalImage"],"scripts":{"loadExternalImage":{"enabled":true,"attributes":{"imageUrl":"http://chrisgodber.co.uk/projects/ArtViewer3D-weB/images/test5.jpg"}}}}}},"74768ef6-b379-4911-bedf-9d3a11dce6b5":{"name":"Pics","tags":[],"enabled":true,"resource_id":"74768ef6-b379-4911-bedf-9d3a11dce6b5","parent":"f0003adc-9c2d-11e6-a9cd-22000ac481df","children":["aa3297f4-f174-4ee4-a18d-dd18d15d6584","64498067-7555-4e6e-8e01-868f8b480fba","a922d31f-8a93-4b7f-9bb8-0657a96d0fc5","cd301aa4-1668-4d8e-9448-c18bc0424551","847c8082-249e-41d5-999f-ef3dac135bde","2f4821fa-a11b-4997-9517-e8b35e46a393","abba6863-696f-4d89-827f-4d8a5a5d3e9b","f41a4eb6-c609-4f91-aec1-20c3f3434b2d","ad007d2a-c94d-4df5-b6f4-3c138d89673d","3d009d48-6c2b-4396-9a9c-814ec7469427"],"position":[0,0,0],"rotation":[0,0,0],"scale":[1,1,1],"components":{"script":{"enabled":true,"order":["clickUi"],"scripts":{"clickUi":{"enabled":true,"attributes":{"overlay":null}}}}}},"ad007d2a-c94d-4df5-b6f4-3c138d89673d":{"name":"pic14","tags":[],"enabled":true,"resource_id":"ad007d2a-c94d-4df5-b6f4-3c138d89673d","parent":"74768ef6-b379-4911-bedf-9d3a11dce6b5","children":[],"position":[-4.040353775024414,0.8188499212265015,-0.38217971316837573],"rotation":[180,90,180],"scale":[0.7196759667148304,1.0706103048341786,0.49001405048536384],"components":{"model":{"enabled":true,"type":"box","asset":null,"materialAsset":null,"castShadows":true,"castShadowsLightmap":true,"receiveShadows":true,"lightmapped":false,"lightmapSizeMultiplier":1,"castShadowsLightMap":true,"lightMapped":false,"lightMapSizeMultiplier":1,"isStatic":false,"layers":[0],"batchGroupId":null},"script":{"enabled":true,"order":["loadExternalImage"],"scripts":{"loadExternalImage":{"enabled":true,"attributes":{"imageUrl":"http://chrisgodber.co.uk/projects/ArtViewer3D-weB/images/test14.jpg"}}}}}},"f41a4eb6-c609-4f91-aec1-20c3f3434b2d":{"name":"pic13","tags":[],"enabled":true,"resource_id":"f41a4eb6-c609-4f91-aec1-20c3f3434b2d","parent":"74768ef6-b379-4911-bedf-9d3a11dce6b5","children":[],"position":[-4.010818004608154,0.8188499212265015,1.177663217064949],"rotation":[1.997505828317798e-30,90,0],"scale":[1.651322431698812,0.9675550411646867,0.49001405048536384],"components":{"model":{"enabled":true,"type":"box","asset":null,"materialAsset":null,"castShadows":true,"castShadowsLightmap":true,"receiveShadows":true,"lightmapped":false,"lightmapSizeMultiplier":1,"castShadowsLightMap":true,"lightMapped":false,"lightMapSizeMultiplier":1,"isStatic":false,"layers":[0],"batchGroupId":null},"script":{"enabled":true,"order":["loadExternalImage"],"scripts":{"loadExternalImage":{"enabled":true,"attributes":{"imageUrl":"http://chrisgodber.co.uk/projects/ArtViewer3D-weB/images/test14.jpg"}}}}}},"3d009d48-6c2b-4396-9a9c-814ec7469427":{"name":"pic15","tags":[],"enabled":true,"resource_id":"3d009d48-6c2b-4396-9a9c-814ec7469427","parent":"74768ef6-b379-4911-bedf-9d3a11dce6b5","children":[],"position":[-4.040353775024414,0.8188499212265015,-1.9752441039591337],"rotation":[180,90,180],"scale":[0.7196759667148304,1.0706103048341786,0.49001405048536384],"components":{"model":{"enabled":true,"type":"box","asset":null,"materialAsset":null,"castShadows":true,"castShadowsLightmap":true,"receiveShadows":true,"lightmapped":false,"lightmapSizeMultiplier":1,"castShadowsLightMap":true,"lightMapped":false,"lightMapSizeMultiplier":1,"isStatic":false,"layers":[0],"batchGroupId":null},"script":{"enabled":true,"order":["loadExternalImage"],"scripts":{"loadExternalImage":{"enabled":true,"attributes":{"imageUrl":"http://chrisgodber.co.uk/projects/ArtViewer3D-weB/images/test15.jpg"}}}}}},"aa3297f4-f174-4ee4-a18d-dd18d15d6584":{"name":"pic6","tags":[],"enabled":true,"resource_id":"aa3297f4-f174-4ee4-a18d-dd18d15d6584","parent":"74768ef6-b379-4911-bedf-9d3a11dce6b5","children":[],"position":[4.1699628829956055,0.8188499212265015,0.042940638959407806],"rotation":[1.99750596654695e-30,90,0],"scale":[0.7196759667148304,1.0706103048341786,0.49001405048536384],"components":{"model":{"enabled":true,"type":"box","asset":null,"materialAsset":null,"castShadows":true,"castShadowsLightmap":true,"receiveShadows":true,"lightmapped":false,"lightmapSizeMultiplier":1,"castShadowsLightMap":true,"lightMapped":false,"lightMapSizeMultiplier":1,"isStatic":false,"layers":[0],"batchGroupId":null},"script":{"enabled":true,"order":["loadExternalImage"],"scripts":{"loadExternalImage":{"enabled":true,"attributes":{"imageUrl":"http://chrisgodber.co.uk/projects/ArtViewer3D-weB/images/test6.jpg"}}}}}},"64498067-7555-4e6e-8e01-868f8b480fba":{"name":"pic7","tags":[],"enabled":true,"resource_id":"64498067-7555-4e6e-8e01-868f8b480fba","parent":"74768ef6-b379-4911-bedf-9d3a11dce6b5","children":[],"position":[4.1699628829956055,0.8188499212265015,1.4607443809509277],"rotation":[1.99750596654695e-30,90,0],"scale":[0.7196759667148304,1.0706103048341786,0.49001405048536384],"components":{"model":{"enabled":true,"type":"box","asset":null,"materialAsset":null,"castShadows":true,"castShadowsLightmap":true,"receiveShadows":true,"lightmapped":false,"lightmapSizeMultiplier":1,"castShadowsLightMap":true,"lightMapped":false,"lightMapSizeMultiplier":1,"isStatic":false,"layers":[0],"batchGroupId":null},"script":{"enabled":true,"order":["loadExternalImage"],"scripts":{"loadExternalImage":{"enabled":true,"attributes":{"imageUrl":"http://chrisgodber.co.uk/projects/ArtViewer3D-weB/images/test7.jpg"}}}}}},"a922d31f-8a93-4b7f-9bb8-0657a96d0fc5":{"name":"pic8","tags":[],"enabled":true,"resource_id":"a922d31f-8a93-4b7f-9bb8-0657a96d0fc5","parent":"74768ef6-b379-4911-bedf-9d3a11dce6b5","children":[],"position":[-4.075748159149424,0.8188499212265015,3.031707525253296],"rotation":[1.99750596654695e-30,90,0],"scale":[0.7196759667148304,1.0706103048341786,0.49001405048536384],"components":{"model":{"enabled":true,"type":"box","asset":null,"materialAsset":null,"castShadows":true,"castShadowsLightmap":true,"receiveShadows":true,"lightmapped":false,"lightmapSizeMultiplier":1,"castShadowsLightMap":true,"lightMapped":false,"lightMapSizeMultiplier":1,"isStatic":false,"layers":[0],"batchGroupId":null},"script":{"enabled":true,"order":["loadExternalImage"],"scripts":{"loadExternalImage":{"enabled":true,"attributes":{"imageUrl":"http://chrisgodber.co.uk/projects/ArtViewer3D-weB/images/test13.jpg"}}}}}},"cd301aa4-1668-4d8e-9448-c18bc0424551":{"name":"pic9","tags":[],"enabled":true,"resource_id":"cd301aa4-1668-4d8e-9448-c18bc0424551","parent":"74768ef6-b379-4911-bedf-9d3a11dce6b5","children":[],"position":[2.57175350189209,0.8188499212265015,3.963310480117798],"rotation":[0,2.349999911266807,0],"scale":[1.651322431698812,0.968,0.49001405048536384],"components":{"model":{"enabled":true,"type":"box","asset":null,"materialAsset":null,"castShadows":true,"castShadowsLightmap":true,"receiveShadows":true,"lightmapped":false,"lightmapSizeMultiplier":1,"castShadowsLightMap":true,"lightMapped":false,"lightMapSizeMultiplier":1,"isStatic":false,"layers":[0],"batchGroupId":null},"script":{"enabled":true,"order":["loadExternalImage"],"scripts":{"loadExternalImage":{"enabled":true,"attributes":{"imageUrl":"http://chrisgodber.co.uk/projects/ArtViewer3D-weB/images/test8.jpg"}}}}}},"847c8082-249e-41d5-999f-ef3dac135bde":{"name":"pic10","tags":[],"enabled":true,"resource_id":"847c8082-249e-41d5-999f-ef3dac135bde","parent":"74768ef6-b379-4911-bedf-9d3a11dce6b5","children":[],"position":[0.4746575577816543,0.8188499212265015,3.9949724674224854],"rotation":[0,0,0],"scale":[0.7196759667148304,1.0706103048341786,0.49001405048536384],"components":{"model":{"enabled":true,"type":"box","asset":null,"materialAsset":null,"castShadows":true,"castShadowsLightmap":true,"receiveShadows":true,"lightmapped":false,"lightmapSizeMultiplier":1,"castShadowsLightMap":true,"lightMapped":false,"lightMapSizeMultiplier":1,"isStatic":false,"layers":[0],"batchGroupId":null},"script":{"enabled":true,"order":["loadExternalImage"],"scripts":{"loadExternalImage":{"enabled":true,"attributes":{"imageUrl":"http://chrisgodber.co.uk/projects/ArtViewer3D-weB/images/test9.jpg"}}}}}},"2f4821fa-a11b-4997-9517-e8b35e46a393":{"name":"pic11","tags":[],"enabled":true,"resource_id":"2f4821fa-a11b-4997-9517-e8b35e46a393","parent":"74768ef6-b379-4911-bedf-9d3a11dce6b5","children":[],"position":[-1.1375211078226974,0.8188499212265015,3.9949724674224854],"rotation":[0,0,0],"scale":[0.7196759667148304,1.0706103048341786,0.49001405048536384],"components":{"model":{"enabled":true,"type":"box","asset":null,"materialAsset":null,"castShadows":true,"castShadowsLightmap":true,"receiveShadows":true,"lightmapped":false,"lightmapSizeMultiplier":1,"castShadowsLightMap":true,"lightMapped":false,"lightMapSizeMultiplier":1,"isStatic":false,"layers":[0],"batchGroupId":null},"script":{"enabled":true,"order":["loadExternalImage"],"scripts":{"loadExternalImage":{"enabled":true,"attributes":{"imageUrl":"http://chrisgodber.co.uk/projects/ArtViewer3D-weB/images/test11.jpg"}}}}}},"abba6863-696f-4d89-827f-4d8a5a5d3e9b":{"name":"pic12","tags":[],"enabled":true,"resource_id":"abba6863-696f-4d89-827f-4d8a5a5d3e9b","parent":"74768ef6-b379-4911-bedf-9d3a11dce6b5","children":[],"position":[-2.946182282741293,0.8188499212265015,3.9949724674224854],"rotation":[0,0,0],"scale":[0.7196759667148304,1.0706103048341786,0.49001405048536384],"components":{"model":{"enabled":true,"type":"box","asset":null,"materialAsset":null,"castShadows":true,"castShadowsLightmap":true,"receiveShadows":true,"lightmapped":false,"lightmapSizeMultiplier":1,"castShadowsLightMap":true,"lightMapped":false,"lightMapSizeMultiplier":1,"isStatic":false,"layers":[0],"batchGroupId":null},"script":{"enabled":true,"order":["loadExternalImage"],"scripts":{"loadExternalImage":{"enabled":true,"attributes":{"imageUrl":"http://chrisgodber.co.uk/projects/ArtViewer3D-weB/images/test12.jpg"}}}}}},"bfbebae4-bfae-4e01-b644-92c90fc99537":{"name":"Plane","tags":[],"enabled":true,"resource_id":"bfbebae4-bfae-4e01-b644-92c90fc99537","parent":"f0003adc-9c2d-11e6-a9cd-22000ac481df","children":[],"position":[3.945521831512451,1.8707500463338804,1.3306883573532104],"rotation":[91.68460855233079,-88.25567760833779,-2.0897571909799392e-13],"scale":[1.3824228461615928,1.3824228461615928,0.35355826044448685],"components":{"model":{"enabled":true,"type":"plane","asset":null,"materialAsset":18676648,"castShadows":false,"castShadowsLightmap":true,"receiveShadows":true,"lightmapped":false,"lightmapSizeMultiplier":1,"castShadowsLightMap":true,"lightMapped":false,"lightMapSizeMultiplier":1,"isStatic":false,"layers":[0],"batchGroupId":null}}},"7f41b0bb-c50f-4ae2-92bf-5c98f783d7e8":{"name":"tbl022","tags":[],"enabled":true,"resource_id":"7f41b0bb-c50f-4ae2-92bf-5c98f783d7e8","parent":"f0003adc-9c2d-11e6-a9cd-22000ac481df","children":[],"position":[-1.4135793447494507,-0.062225300648931337,-0.6124188303947449],"rotation":[-90.21068720812137,51.04345053738511,0],"scale":[0.12518902451755723,0.08372449615409978,0.07636714956817957],"components":{"model":{"enabled":true,"type":"asset","asset":18676681,"materialAsset":null,"castShadows":true,"castShadowsLightmap":true,"receiveShadows":true,"lightmapped":false,"lightmapSizeMultiplier":1,"castShadowsLightMap":true,"lightMapped":false,"lightMapSizeMultiplier":1,"isStatic":false,"layers":[0],"batchGroupId":null},"rigidbody":{"enabled":true,"type":"static","mass":1,"linearDamping":0,"angularDamping":0,"linearFactor":[1,1,1],"angularFactor":[1,1,1],"friction":0.5,"restitution":0.5},"collision":{"enabled":true,"type":"box","halfExtents":[0.7,0.3,0.6],"radius":0.5,"axis":1,"height":2,"asset":null}}},"b1783daf-f9fd-459e-ba4f-05f2acbbbc36":{"name":"common couch01","tags":[],"enabled":true,"resource_id":"b1783daf-f9fd-459e-ba4f-05f2acbbbc36","parent":"f0003adc-9c2d-11e6-a9cd-22000ac481df","children":[],"position":[-0.3175652325153351,-0.09845028042324155,3.3079092502593994],"rotation":[179.91872287075867,3.107392407086657,179.7432803588924],"scale":[1.3880795550953817,1.3880795550953817,1.3880795550953817],"components":{"model":{"enabled":true,"type":"asset","asset":18676690,"materialAsset":null,"castShadows":true,"castShadowsLightmap":true,"receiveShadows":true,"lightmapped":false,"lightmapSizeMultiplier":1,"castShadowsLightMap":true,"lightMapped":false,"lightMapSizeMultiplier":1,"isStatic":false,"layers":[0],"batchGroupId":null},"rigidbody":{"enabled":true,"type":"static","mass":1,"linearDamping":0,"angularDamping":0,"linearFactor":[1,1,1],"angularFactor":[1,1,1],"friction":0.1965,"restitution":0.204},"collision":{"enabled":true,"type":"box","halfExtents":[0.9,0.8,0.4],"radius":0.5,"axis":1,"height":2,"asset":null}}},"17da3595-01d3-40ac-bb8e-71482e6d208b":{"name":"roof1","tags":[],"enabled":true,"resource_id":"17da3595-01d3-40ac-bb8e-71482e6d208b","parent":"f0003adc-9c2d-11e6-a9cd-22000ac481df","children":[],"position":[-0.049658842384815216,2.8308956248969936,-2.4528121948242188],"rotation":[36.072364698749396,0,0],"scale":[8.038,3,0.12472856292358026],"components":{"model":{"enabled":true,"type":"box","asset":null,"materialAsset":18676688,"castShadows":true,"castShadowsLightmap":true,"receiveShadows":true,"lightmapped":false,"lightmapSizeMultiplier":1,"castShadowsLightMap":true,"lightMapped":false,"lightMapSizeMultiplier":1,"isStatic":false,"layers":[0],"batchGroupId":null}}},"e2fe5703-23f0-434c-a2a5-c225da16ab73":{"name":"roof1","tags":[],"enabled":true,"resource_id":"e2fe5703-23f0-434c-a2a5-c225da16ab73","parent":"f0003adc-9c2d-11e6-a9cd-22000ac481df","children":[],"position":[-0.013892214745283127,2.8437912464141846,2.9777826034926003],"rotation":[-36.07,0,0],"scale":[8.038,3,0.12472856292358026],"components":{"model":{"enabled":true,"type":"box","asset":null,"materialAsset":18676688,"castShadows":true,"castShadowsLightmap":true,"receiveShadows":true,"lightmapped":false,"lightmapSizeMultiplier":1,"castShadowsLightMap":true,"lightMapped":false,"lightMapSizeMultiplier":1,"isStatic":false,"layers":[0],"batchGroupId":null}}},"49c21096-3da8-4aff-92da-b1107317ed08":{"position":[-0.04688514396548271,3.8965694904327393,0.2334392205261575],"scale":[8,1,8.14373753058277],"name":"Plane","parent":"f0003adc-9c2d-11e6-a9cd-22000ac481df","resource_id":"49c21096-3da8-4aff-92da-b1107317ed08","components":{"model":{"lightMapSizeMultiplier":1,"castShadows":true,"castShadowsLightmap":true,"lightmapped":false,"materialAsset":18676688,"receiveShadows":true,"enabled":true,"castShadowsLightMap":false,"asset":null,"lightmapSizeMultiplier":1,"type":"plane","lightMapped":false,"isStatic":false,"batchGroupId":null,"layers":[0]},"rigidbody":{"enabled":true,"type":"static","mass":1,"linearDamping":0,"angularDamping":0,"linearFactor":[1,1,1],"angularFactor":[1,1,1],"friction":0.5,"restitution":0.5},"collision":{"enabled":true,"type":"box","halfExtents":[4,0.15,2],"radius":0.5,"axis":1,"height":2,"asset":null}},"rotation":[0,0,-177.95657830505831],"enabled":true,"children":[],"tags":[]},"e1209c15-1fb5-499c-93ff-e2bfb835b3d9":{"position":[-5.91917276893195,0.7809455394744873,0.20406213402748108],"scale":[7.219646195375659,1.6734973561525222,3.9092871547180215],"name":"Box","parent":"f0003adc-9c2d-11e6-a9cd-22000ac481df","resource_id":"e1209c15-1fb5-499c-93ff-e2bfb835b3d9","components":{"model":{"lightMapSizeMultiplier":1,"castShadows":true,"castShadowsLightmap":true,"lightmapped":false,"materialAsset":18676603,"receiveShadows":true,"enabled":true,"castShadowsLightMap":false,"asset":null,"lightmapSizeMultiplier":1,"type":"box","lightMapped":false,"isStatic":false,"batchGroupId":null,"layers":[0]},"rigidbody":{"enabled":true,"type":"static","mass":1,"linearDamping":0,"angularDamping":0,"linearFactor":[1,1,1],"angularFactor":[1,1,1],"friction":0.5,"restitution":0.5}},"rotation":[0,90,0],"enabled":true,"children":[],"tags":[]},"0ffe815a-7f31-4f9e-bf4b-b7447bd50ee8":{"position":[4.017219543457031,4.110726274735374,4.669042110443115],"scale":[7.219646195375659,1.6734973561525222,0.09484026938773749],"name":"Box","parent":"f0003adc-9c2d-11e6-a9cd-22000ac481df","resource_id":"0ffe815a-7f31-4f9e-bf4b-b7447bd50ee8","components":{"model":{"lightMapSizeMultiplier":1,"castShadows":true,"castShadowsLightmap":true,"lightmapped":false,"materialAsset":18676603,"receiveShadows":true,"enabled":true,"castShadowsLightMap":false,"asset":null,"lightmapSizeMultiplier":1,"type":"box","lightMapped":false,"isStatic":false,"batchGroupId":null,"layers":[0]}},"rotation":[0,90,0],"enabled":true,"children":[],"tags":[]},"30fe0e68-44fa-46cb-8a24-d641a334e1dd":{"position":[4.017219543457031,4.114030721161974,-4.052280902862549],"scale":[7.219646195375659,1.6734973561525222,0.09484026938773749],"name":"Box","parent":"f0003adc-9c2d-11e6-a9cd-22000ac481df","resource_id":"30fe0e68-44fa-46cb-8a24-d641a334e1dd","components":{"model":{"lightMapSizeMultiplier":1,"castShadows":true,"castShadowsLightmap":true,"lightmapped":false,"materialAsset":18676603,"receiveShadows":true,"enabled":true,"castShadowsLightMap":false,"asset":null,"lightmapSizeMultiplier":1,"type":"box","lightMapped":false,"isStatic":false,"batchGroupId":null,"layers":[0]}},"rotation":[0,90,0],"enabled":true,"children":[],"tags":[]},"18cd9e46-e052-4ba0-8e92-c47982d56c47":{"position":[-5.933194434447673,2.4211931228637695,-3.2767395973205566],"scale":[4.030254476578455,1.6734973561525222,0.09484026938773749],"name":"Box","parent":"f0003adc-9c2d-11e6-a9cd-22000ac481df","resource_id":"18cd9e46-e052-4ba0-8e92-c47982d56c47","components":{"model":{"lightMapSizeMultiplier":1,"castShadows":true,"castShadowsLightmap":true,"lightmapped":false,"materialAsset":18676603,"receiveShadows":true,"enabled":true,"castShadowsLightMap":false,"asset":null,"lightmapSizeMultiplier":1,"type":"box","lightMapped":false,"isStatic":false,"batchGroupId":null,"layers":[0]},"rigidbody":{"enabled":true,"type":"static","mass":1,"linearDamping":0,"angularDamping":0,"linearFactor":[1,1,1],"angularFactor":[1,1,1],"friction":0.5,"restitution":0.5}},"rotation":[0,180,0],"enabled":true,"children":[],"tags":[]},"d0ab9493-d162-45d2-a879-dd407182f941":{"position":[-7.75986385345459,2.4044034481048584,0.2512154258387914],"scale":[7.283097812416733,1.6734973561525222,0.09484026938773749],"name":"Box","parent":"f0003adc-9c2d-11e6-a9cd-22000ac481df","resource_id":"d0ab9493-d162-45d2-a879-dd407182f941","components":{"model":{"lightMapSizeMultiplier":1,"castShadows":true,"castShadowsLightmap":true,"lightmapped":false,"materialAsset":18676603,"receiveShadows":true,"enabled":true,"castShadowsLightMap":false,"asset":null,"lightmapSizeMultiplier":1,"type":"box","lightMapped":false,"isStatic":false,"batchGroupId":null,"layers":[0]},"rigidbody":{"enabled":true,"type":"static","mass":1,"linearDamping":0,"angularDamping":0,"linearFactor":[1,1,1],"angularFactor":[1,1,1],"friction":0.5,"restitution":0.5}},"rotation":[360,-90,0],"enabled":true,"children":[],"tags":[]},"33c559bd-9c25-4c13-88a5-2d109807ab9c":{"position":[-6.215025189101763,2.4614052772521973,3.749535322189331],"scale":[4.4984840450980945,1.6734973561525222,0.09484026938773749],"name":"Box","parent":"f0003adc-9c2d-11e6-a9cd-22000ac481df","resource_id":"33c559bd-9c25-4c13-88a5-2d109807ab9c","components":{"model":{"lightMapSizeMultiplier":1,"castShadows":true,"castShadowsLightmap":true,"lightmapped":false,"materialAsset":18676603,"receiveShadows":true,"enabled":true,"castShadowsLightMap":false,"asset":null,"lightmapSizeMultiplier":1,"type":"box","lightMapped":false,"isStatic":false,"batchGroupId":null,"layers":[0]},"rigidbody":{"enabled":true,"type":"static","mass":1,"linearDamping":0,"angularDamping":0,"linearFactor":[1,1,1],"angularFactor":[1,1,1],"friction":0.5,"restitution":0.5}},"rotation":[360,180,0],"enabled":true,"children":[],"tags":[]},"62eee47b-d781-4b68-909f-ad4bb7fe9286":{"position":[-7.192451000213623,3.212750622708888,0.29935067892074585],"scale":[7.312556709377959,0.06284950713062895,1.1882801973792037],"name":"Box","parent":"f0003adc-9c2d-11e6-a9cd-22000ac481df","resource_id":"62eee47b-d781-4b68-909f-ad4bb7fe9286","components":{"model":{"lightMapSizeMultiplier":1,"castShadows":true,"castShadowsLightmap":true,"lightmapped":false,"materialAsset":18676603,"receiveShadows":true,"enabled":true,"castShadowsLightMap":false,"asset":null,"lightmapSizeMultiplier":1,"type":"box","lightMapped":false,"isStatic":false,"batchGroupId":null,"layers":[0]},"rigidbody":{"enabled":true,"type":"static","mass":1,"linearDamping":0,"angularDamping":0,"linearFactor":[1,1,1],"angularFactor":[1,1,1],"friction":0.5,"restitution":0.5}},"rotation":[0,90,0],"enabled":true,"children":[],"tags":[]},"eecc458e-7254-4ef0-9fd4-eab6888085db":{"position":[-4.772470568300585,3.2026102542877197,0.29935067892074585],"scale":[7.312556709377959,0.06284950713062895,1.1882801973792037],"name":"Box","parent":"f0003adc-9c2d-11e6-a9cd-22000ac481df","resource_id":"eecc458e-7254-4ef0-9fd4-eab6888085db","components":{"model":{"lightMapSizeMultiplier":1,"castShadows":true,"castShadowsLightmap":true,"lightmapped":false,"materialAsset":18676603,"receiveShadows":true,"enabled":true,"castShadowsLightMap":false,"asset":null,"lightmapSizeMultiplier":1,"type":"box","lightMapped":false,"isStatic":false,"batchGroupId":null,"layers":[0]},"rigidbody":{"enabled":true,"type":"static","mass":1,"linearDamping":0,"angularDamping":0,"linearFactor":[1,1,1],"angularFactor":[1,1,1],"friction":0.5,"restitution":0.5}},"rotation":[0,90,0],"enabled":true,"children":[],"tags":[]},"f6c54974-4725-49ea-997d-ba486a601c5e":{"position":[-4.640430450439453,3.540196225556475,0.29935067892074585],"scale":[7.312556709377959,0.7420172359287974,1.1882801973792037],"name":"Box","parent":"f0003adc-9c2d-11e6-a9cd-22000ac481df","resource_id":"f6c54974-4725-49ea-997d-ba486a601c5e","components":{"model":{"lightMapSizeMultiplier":1,"castShadows":true,"castShadowsLightmap":true,"lightmapped":false,"materialAsset":18676603,"receiveShadows":true,"enabled":true,"castShadowsLightMap":false,"asset":null,"lightmapSizeMultiplier":1,"type":"box","lightMapped":false,"isStatic":false,"batchGroupId":null,"layers":[0]},"rigidbody":{"enabled":true,"type":"static","mass":1,"linearDamping":0,"angularDamping":0,"linearFactor":[1,1,1],"angularFactor":[1,1,1],"friction":0.5,"restitution":0.5}},"rotation":[0,90,0],"enabled":true,"children":[],"tags":[]},"606c8a03-6efa-455c-aabd-e1db4a8343a9":{"position":[4.017219543457031,2.450779839237949,0.20406213402748108],"scale":[7.219646195375659,1.666783755897986,0.09484026938773749],"name":"Box","parent":"f0003adc-9c2d-11e6-a9cd-22000ac481df","resource_id":"606c8a03-6efa-455c-aabd-e1db4a8343a9","components":{"model":{"lightMapSizeMultiplier":1,"castShadows":true,"castShadowsLightmap":true,"lightmapped":false,"materialAsset":18676603,"receiveShadows":true,"enabled":true,"castShadowsLightMap":false,"asset":null,"lightmapSizeMultiplier":1,"type":"box","lightMapped":false,"isStatic":false,"batchGroupId":null,"layers":[0]},"rigidbody":{"enabled":true,"type":"static","mass":1,"linearDamping":0,"angularDamping":0,"linearFactor":[1,1,1],"angularFactor":[1,1,1],"friction":0.5,"restitution":0.5},"collision":{"enabled":false,"type":"box","halfExtents":[4,1,0.2],"radius":0.5,"axis":1,"height":2,"asset":null}},"rotation":[0,90,0],"enabled":true,"children":[],"tags":[]},"ca8b6408-3a7e-4b98-b568-33f334b7c1b0":{"name":"lamp","tags":[],"enabled":true,"resource_id":"ca8b6408-3a7e-4b98-b568-33f334b7c1b0","parent":"f0003adc-9c2d-11e6-a9cd-22000ac481df","children":[],"position":[0,2.485980854262437,0],"rotation":[0,0,0],"scale":[1,1,1],"components":{"model":{"enabled":true,"type":"asset","asset":18676706,"materialAsset":null,"castShadows":true,"castShadowsLightmap":true,"receiveShadows":true,"lightmapped":false,"lightmapSizeMultiplier":1,"castShadowsLightMap":true,"lightMapped":false,"lightMapSizeMultiplier":1,"isStatic":false,"layers":[0],"batchGroupId":null}}},"e3c059b3-a752-4307-811c-3b3f58b42a59":{"position":[-5.8651628494262695,3.203761100769043,2.5710960810623824],"scale":[2.2693986016358574,0.06284950713062895,1.5552114512740847],"name":"Box","parent":"f0003adc-9c2d-11e6-a9cd-22000ac481df","resource_id":"e3c059b3-a752-4307-811c-3b3f58b42a59","components":{"model":{"lightMapSizeMultiplier":1,"castShadows":true,"castShadowsLightmap":true,"lightmapped":false,"materialAsset":18676603,"receiveShadows":true,"enabled":true,"castShadowsLightMap":false,"asset":null,"lightmapSizeMultiplier":1,"type":"box","lightMapped":false,"isStatic":false,"batchGroupId":null,"layers":[0]},"rigidbody":{"enabled":true,"type":"static","mass":1,"linearDamping":0,"angularDamping":0,"linearFactor":[1,1,1],"angularFactor":[1,1,1],"friction":0.5,"restitution":0.5}},"rotation":[0,90,0],"enabled":true,"children":[],"tags":[]},"ceced8d5-b965-4799-824b-9d2d7888ff04":{"position":[-5.866501808166504,3.2047464847564697,-2.233505141300991],"scale":[2.953996639838869,0.06284950713062895,1.5552114512740847],"name":"Box","parent":"f0003adc-9c2d-11e6-a9cd-22000ac481df","resource_id":"ceced8d5-b965-4799-824b-9d2d7888ff04","components":{"model":{"lightMapSizeMultiplier":1,"castShadows":true,"castShadowsLightmap":true,"lightmapped":false,"materialAsset":18676603,"receiveShadows":true,"enabled":true,"castShadowsLightMap":false,"asset":null,"lightmapSizeMultiplier":1,"type":"box","lightMapped":false,"isStatic":false,"batchGroupId":null,"layers":[0]},"rigidbody":{"enabled":true,"type":"static","mass":1,"linearDamping":0,"angularDamping":0,"linearFactor":[1,1,1],"angularFactor":[1,1,1],"friction":0.5,"restitution":0.5}},"rotation":[0,90,0],"enabled":true,"children":[],"tags":[]},"d5ed73e0-d001-4f2e-a11a-75a670e0f5cc":{"name":"Box","tags":[],"enabled":true,"resource_id":"d5ed73e0-d001-4f2e-a11a-75a670e0f5cc","parent":"f0003adc-9c2d-11e6-a9cd-22000ac481df","children":[],"position":[-1.6882532835006714,0.6606740634380145,-0.4187348484992981],"rotation":[0,-44.167036629851125,0],"scale":[0.03602436868146444,0.24042515453318003,0.16915375929032905],"components":{"model":{"enabled":true,"type":"box","asset":null,"materialAsset":18676634,"castShadows":true,"castShadowsLightmap":true,"receiveShadows":true,"lightmapped":false,"lightmapSizeMultiplier":1,"castShadowsLightMap":true,"lightMapped":false,"lightMapSizeMultiplier":1,"isStatic":false,"layers":[0],"batchGroupId":null}}},"2a8b3dae-4c39-415e-8cc9-d6f72ee0b0a6":{"name":"Box","tags":[],"enabled":true,"resource_id":"2a8b3dae-4c39-415e-8cc9-d6f72ee0b0a6","parent":"f0003adc-9c2d-11e6-a9cd-22000ac481df","children":[],"position":[-1.2761087070729045,0.6606740355491638,-0.6301286220550537],"rotation":[0,-90,0],"scale":[0.03602436868146444,0.24042515453318003,0.16915375929032905],"components":{"model":{"enabled":true,"type":"box","asset":null,"materialAsset":18676645,"castShadows":true,"castShadowsLightmap":true,"receiveShadows":true,"lightmapped":false,"lightmapSizeMultiplier":1,"castShadowsLightMap":true,"lightMapped":false,"lightMapSizeMultiplier":1,"isStatic":false,"layers":[0],"batchGroupId":null}}},"c23d26bb-ceb3-4b2f-9b3c-0722fb7d9f43":{"name":"common couch01","tags":[],"enabled":true,"resource_id":"c23d26bb-ceb3-4b2f-9b3c-0722fb7d9f43","parent":"f0003adc-9c2d-11e6-a9cd-22000ac481df","children":[],"position":[3.5928248284370543,-0.09845028072595596,-0.6525574326515198],"rotation":[-157.969964786478,-89.31859659334978,157.901191568164],"scale":[1.3880795550953817,1.3880795550953817,1.3880795550953817],"components":{"model":{"enabled":true,"type":"asset","asset":18676690,"materialAsset":null,"castShadows":true,"castShadowsLightmap":true,"receiveShadows":true,"lightmapped":false,"lightmapSizeMultiplier":1,"castShadowsLightMap":true,"lightMapped":false,"lightMapSizeMultiplier":1,"isStatic":false,"layers":[0],"batchGroupId":null},"rigidbody":{"enabled":true,"type":"static","mass":1,"linearDamping":0,"angularDamping":0,"linearFactor":[1,1,1],"angularFactor":[1,1,1],"friction":0.1965,"restitution":0.204},"collision":{"enabled":true,"type":"box","halfExtents":[0.9,0.8,0.4],"radius":0.5,"axis":1,"height":2,"asset":null}}},"c244d259-92a5-4256-b7d5-e4bd2a15f315":{"name":"Box","tags":[],"enabled":true,"resource_id":"c244d259-92a5-4256-b7d5-e4bd2a15f315","parent":"f0003adc-9c2d-11e6-a9cd-22000ac481df","children":[],"position":[4.01455020904541,0.8674974034914054,2.840594530105591],"rotation":[0,0,0],"scale":[0.11996942741835781,1.8206995115007603,1.2021935688790402],"components":{"model":{"enabled":true,"type":"box","asset":null,"materialAsset":18676718,"castShadows":true,"castShadowsLightmap":true,"receiveShadows":true,"lightmapped":false,"lightmapSizeMultiplier":1,"castShadowsLightMap":true,"lightMapped":false,"lightMapSizeMultiplier":1,"isStatic":false,"layers":[0],"batchGroupId":null}}},"3ff1428d-5877-4647-abb4-01329de73327":{"name":"UI","tags":[],"enabled":true,"resource_id":"3ff1428d-5877-4647-abb4-01329de73327","parent":"f0003adc-9c2d-11e6-a9cd-22000ac481df","children":["ee5b84d1-75d3-4d11-b07a-cdd8718f0001"],"position":[-1.6269323825836182,0.6502104997634888,-3.4661680706681386],"rotation":[0,0,0],"scale":[1,1,1],"components":{}},"ee5b84d1-75d3-4d11-b07a-cdd8718f0001":{"name":"2D Screen","tags":[],"enabled":true,"resource_id":"ee5b84d1-75d3-4d11-b07a-cdd8718f0001","parent":"3ff1428d-5877-4647-abb4-01329de73327","children":["b40e4763-18a8-4f9c-9763-ca79c1d79b9b"],"position":[0,0,0],"rotation":[0,0,0],"scale":[1,1,1],"components":{"script":{"enabled":true,"order":[],"scripts":{}}}},"b40e4763-18a8-4f9c-9763-ca79c1d79b9b":{"name":"Overlay","tags":[],"enabled":true,"resource_id":"b40e4763-18a8-4f9c-9763-ca79c1d79b9b","parent":"ee5b84d1-75d3-4d11-b07a-cdd8718f0001","children":[],"position":[-9.5367431640625e-7,15.258059566234877,22.087483406066895],"rotation":[0,0,0],"scale":[3.914978903663803,5.043748144764774,1],"components":{"element":{"enabled":true,"type":"image","anchor":[0.5,0.5,0.5,0.5],"pivot":[0.5,0.5],"text":"","key":null,"fontAsset":null,"fontSize":32,"minFontSize":8,"maxFontSize":32,"autoFitWidth":false,"autoFitHeight":false,"maxLines":null,"lineHeight":32,"wrapLines":true,"spacing":1,"color":[0.6588235294117647,0.6588235294117647,0.6588235294117647],"opacity":0.641,"textureAsset":null,"spriteAsset":null,"spriteFrame":0,"pixelsPerUnit":null,"width":32,"height":32,"margin":[-16,-0.742,-16,-31.258],"alignment":[0.5,0.5],"outlineColor":[0,0,0,1],"outlineThickness":0,"shadowColor":[0,0,0,1],"shadowOffset":[0,0],"rect":[0,0,1,1],"materialAsset":null,"autoWidth":false,"autoHeight":false,"useInput":true,"batchGroupId":null,"mask":false,"layers":[4]}}}},"id":734128}